INSERT  INTO student VALUES('200215121','李勇','男',21,'cs')
INSERT  INTO student VALUES('200215122','小红','男',20,'ma')
INSERT  INTO student VALUES('200215123','小青','女',22,'cs')
INSERT  INTO student VALUES('200215124','小勇','男',15,'is')
INSERT  INTO student VALUES('200215125','哈哈','男',19,'cs')
INSERT  INTO student VALUES('200215126','嘿嘿','男',20,'is')
INSERT  INTO student VALUES('200215127','小黑','男',16,'cs')
INSERT  INTO student VALUES('200215128','小何','女',20,'ma')
INSERT  INTO student VALUES('200215129','小白','男',21,'is')
INSERT  INTO student VALUES('200215130','大白','男',20,'cs')
INSERT  INTO student VALUES('200215131','张三','女',18,'cs')
INSERT  INTO student VALUES('200215132','李四','男',20,'cs')
INSERT  INTO student VALUES('200215133','王二','男',19,'ma')
INSERT  INTO student VALUES('200215134','小兰','女',20,'cs')
INSERT  INTO student VALUES('200215135','小李','男',16,'is')
INSERT  INTO student VALUES('200215136','小胡','男',20,'cs')
INSERT  INTO student VALUES('200215137','白天','男',20,'is')
INSERT  INTO student VALUES('200215138','皇皇','女',15,'cs')
INSERT  INTO student VALUES('200215139','小辉','男',20,'cs')
INSERT  INTO student VALUES('200215140','小兽','男',21,'is')
INSERT  INTO student VALUES('200215141','小胖','女',20,'cs')
INSERT  INTO student VALUES('200215122','雨天','男',17,'ma')
INSERT  INTO student VALUES('200215123','阴天','男',20,'cs')
INSERT  INTO student VALUES('200215124','秋水','男',18,'cs')
INSERT  INTO student VALUES('200215125','晴天','男',20,'ma')
SELECT*FROM student

INSERT INTO coures VALUES(1,'数学','4')
INSERT INTO coures VALUES(2,'语文','3')
INSERT INTO coures VALUES(3,'数据库','6')
INSERT INTO coures VALUES(4,'信息系统','5')
INSERT INTO coures VALUES(5,'电子计算机','7')
INSERT INTO coures VALUES(6,'英语','4')
INSERT INTO coures VALUES(7,'操作系统','3')
INSERT INTO coures VALUES(8,'思修','2')
INSERT INTO coures VALUES(9,'历史','8')
INSERT INTO coures VALUES(10,'java','9')
SELECT*FROM coures

INSERT INTO sc VALUES('200215121',1,87)
INSERT INTO sc VALUES('200215122',2,90)
INSERT INTO sc VALUES('200215123',1,89)
INSERT INTO sc VALUES('200215124',3,100)
INSERT INTO sc VALUES('200215125',1,80)
INSERT INTO sc VALUES('200215126',4,88)
INSERT INTO sc VALUES('200215127',1,80)
INSERT INTO sc VALUES('200215128',2,78)
INSERT INTO sc VALUES('200215129',2,80)
INSERT INTO sc VALUES('200215130',1,80)
INSERT INTO sc VALUES('200215131',1,68)
INSERT INTO sc VALUES('200215132',5,80)
INSERT INTO sc VALUES('200215133',1,65)
INSERT INTO sc VALUES('200215134',6,50)
INSERT INTO sc VALUES('200215135',1,81)
INSERT INTO sc VALUES('200215136',4,70)
INSERT INTO sc VALUES('200215137',1,80)
INSERT INTO sc VALUES('200215138',3,66)
INSERT INTO sc VALUES('200215139',3,80)
INSERT INTO sc VALUES('200215140',1,77)
INSERT INTO sc VALUES('200215141',4,80)
INSERT INTO sc VALUES('200215142',5,99)
INSERT INTO sc VALUES('200215143',1,80)
INSERT INTO sc VALUES('200215144',3,75)
INSERT INTO sc VALUES('200215145',2,80)
SELECT*FROM sc




